<?xml version='1.0' encoding='utf-8'?>
<project xmlns:ns1="http://www.plcopen.org/xml/tc6_0201" xmlns:xhtml="http://www.w3.org/1999/xhtml" xmlns:xsd="http://www.w3.org/2001/XMLSchema" xmlns="http://www.plcopen.org/xml/tc6_0201">
  <fileHeader companyName="Unknown" productName="Unnamed" productVersion="1" creationDateTime="2023-05-25T18:10:46"/>
  <contentHeader name="Unnamed" modificationDateTime="2025-06-16T08:18:01">
    <coordinateInfo>
      <fbd>
        <scaling x="10" y="10"/>
      </fbd>
      <ld>
        <scaling x="10" y="10"/>
      </ld>
      <sfc>
        <scaling x="10" y="10"/>
      </sfc>
    </coordinateInfo>
  </contentHeader>
  <types>
    <dataTypes/>
    <pous>
      <pou name="Well_Control" pouType="program">
        <interface>
          <localVars>
            <variable name="SM_BAS0">
              <type>
                <derived name="SM_BAS"/>
              </type>
            </variable>
            <variable name="STACK">
              <type>
                <SINT/>
              </type>
              <initialValue>
                <simpleValue value="3"/>
              </initialValue>
            </variable>
          </localVars>
          <localVars>
            <variable name="Well_PS" address="%IX0.0">
              <type>
                <BOOL/>
              </type>
              <initialValue>
                <simpleValue value="0"/>
              </initialValue>
            </variable>
            <variable name="Well_PS_MQTT" address="%QW1">
              <type>
                <INT/>
              </type>
              <initialValue>
                <simpleValue value="0"/>
              </initialValue>
            </variable>
          </localVars>
          <localVars>
            <variable name="Dry_Well">
              <type>
                <BOOL/>
              </type>
              <initialValue>
                <simpleValue value="0"/>
              </initialValue>
            </variable>
            <variable name="Dry_Well_Wait">
              <type>
                <BOOL/>
              </type>
              <initialValue>
                <simpleValue value="0"/>
              </initialValue>
            </variable>
          </localVars>
          <localVars>
            <variable name="System_Run" address="%IX0.2">
              <type>
                <BOOL/>
              </type>
              <initialValue>
                <simpleValue value="0"/>
              </initialValue>
            </variable>
            <variable name="System_Run_MQTT" address="%QW2">
              <type>
                <INT/>
              </type>
              <initialValue>
                <simpleValue value="0"/>
              </initialValue>
            </variable>
            <variable name="Pump_Run" address="%IX0.3">
              <type>
                <BOOL/>
              </type>
              <initialValue>
                <simpleValue value="0"/>
              </initialValue>
            </variable>
            <variable name="Pump_Run_MQTT" address="%QW3">
              <type>
                <INT/>
              </type>
              <initialValue>
                <simpleValue value="0"/>
              </initialValue>
            </variable>
            <variable name="Dry_Well_IN" address="%IX0.4">
              <type>
                <BOOL/>
              </type>
              <initialValue>
                <simpleValue value="0"/>
              </initialValue>
            </variable>
            <variable name="Dry_Well_IN_MQTT" address="%QW4">
              <type>
                <INT/>
              </type>
              <initialValue>
                <simpleValue value="0"/>
              </initialValue>
            </variable>
          </localVars>
          <localVars>
            <variable name="Dry_Well_Count">
              <type>
                <INT/>
              </type>
              <initialValue>
                <simpleValue value="1000"/>
              </initialValue>
            </variable>
            <variable name="Low_I_Delay">
              <type>
                <TIME/>
              </type>
            </variable>
            <variable name="Dry_Well_Wait_Delay">
              <type>
                <TIME/>
              </type>
            </variable>
          </localVars>
          <localVars>
            <variable name="Dry_Well_Wait_Delay_MQTT" address="%QW5">
              <type>
                <INT/>
              </type>
            </variable>
            <variable name="Dry_Well_Wait_count_MQTT" address="%QW6">
              <type>
                <INT/>
              </type>
            </variable>
            <variable name="Pump_I" address="%IW1">
              <type>
                <INT/>
              </type>
            </variable>
            <variable name="Pump_I_MQTT" address="%QW7">
              <type>
                <INT/>
              </type>
            </variable>
          </localVars>
          <localVars>
            <variable name="Pump_I_MIN">
              <type>
                <INT/>
              </type>
              <initialValue>
                <simpleValue value="3280"/>
              </initialValue>
            </variable>
            <variable name="Multiply">
              <type>
                <REAL/>
              </type>
              <initialValue>
                <simpleValue value="1000.0"/>
              </initialValue>
            </variable>
            <variable name="TON1">
              <type>
                <derived name="TON"/>
              </type>
            </variable>
            <variable name="TON2">
              <type>
                <derived name="TON"/>
              </type>
            </variable>
            <variable name="CTU0">
              <type>
                <derived name="CTU"/>
              </type>
            </variable>
            <variable name="R_TRIG0">
              <type>
                <derived name="R_TRIG"/>
              </type>
            </variable>
          </localVars>
        </interface>
        <body>
          <LD>
            <block localId="1" typeName="SM_BAS" instanceName="SM_BAS0" height="440" width="120">
              <position x="930" y="190"/>
              <inputVariables>
                <variable formalParameter="STACK">
                  <connectionPointIn>
                    <relPosition x="0" y="30"/>
                    <connection refLocalId="12">
                      <position x="930" y="220"/>
                      <position x="910" y="220"/>
                    </connection>
                  </connectionPointIn>
                </variable>
                <variable formalParameter="TRIAC1">
                  <connectionPointIn>
                    <relPosition x="0" y="50"/>
                    <connection refLocalId="14">
                      <position x="930" y="240"/>
                      <position x="821" y="240"/>
                    </connection>
                  </connectionPointIn>
                </variable>
                <variable formalParameter="TRIAC2">
                  <connectionPointIn>
                    <relPosition x="0" y="70"/>
                    <connection refLocalId="15">
                      <position x="930" y="260"/>
                      <position x="850" y="260"/>
                      <position x="850" y="280"/>
                      <position x="771" y="280"/>
                    </connection>
                  </connectionPointIn>
                </variable>
                <variable formalParameter="TRIAC3">
                  <connectionPointIn>
                    <relPosition x="0" y="90"/>
                  </connectionPointIn>
                </variable>
                <variable formalParameter="TRIAC4">
                  <connectionPointIn>
                    <relPosition x="0" y="110"/>
                  </connectionPointIn>
                </variable>
                <variable formalParameter="LED1">
                  <connectionPointIn>
                    <relPosition x="0" y="130"/>
                    <connection refLocalId="44">
                      <position x="930" y="320"/>
                      <position x="890" y="320"/>
                      <position x="890" y="360"/>
                      <position x="390" y="360"/>
                    </connection>
                  </connectionPointIn>
                </variable>
                <variable formalParameter="LED2">
                  <connectionPointIn>
                    <relPosition x="0" y="150"/>
                  </connectionPointIn>
                </variable>
                <variable formalParameter="LED3">
                  <connectionPointIn>
                    <relPosition x="0" y="170"/>
                  </connectionPointIn>
                </variable>
                <variable formalParameter="LED4">
                  <connectionPointIn>
                    <relPosition x="0" y="190"/>
                  </connectionPointIn>
                </variable>
                <variable formalParameter="IN1_T">
                  <connectionPointIn>
                    <relPosition x="0" y="210"/>
                  </connectionPointIn>
                </variable>
                <variable formalParameter="IN2_T">
                  <connectionPointIn>
                    <relPosition x="0" y="230"/>
                  </connectionPointIn>
                </variable>
                <variable formalParameter="IN3_T">
                  <connectionPointIn>
                    <relPosition x="0" y="250"/>
                  </connectionPointIn>
                </variable>
                <variable formalParameter="IN4_T">
                  <connectionPointIn>
                    <relPosition x="0" y="270"/>
                  </connectionPointIn>
                </variable>
                <variable formalParameter="IN5_T">
                  <connectionPointIn>
                    <relPosition x="0" y="290"/>
                  </connectionPointIn>
                </variable>
                <variable formalParameter="IN6_T">
                  <connectionPointIn>
                    <relPosition x="0" y="310"/>
                  </connectionPointIn>
                </variable>
                <variable formalParameter="IN7_T">
                  <connectionPointIn>
                    <relPosition x="0" y="330"/>
                  </connectionPointIn>
                </variable>
                <variable formalParameter="IN8_T">
                  <connectionPointIn>
                    <relPosition x="0" y="350"/>
                  </connectionPointIn>
                </variable>
                <variable formalParameter="Q0_10V1">
                  <connectionPointIn>
                    <relPosition x="0" y="370"/>
                  </connectionPointIn>
                </variable>
                <variable formalParameter="Q0_10V2">
                  <connectionPointIn>
                    <relPosition x="0" y="390"/>
                  </connectionPointIn>
                </variable>
                <variable formalParameter="Q0_10V3">
                  <connectionPointIn>
                    <relPosition x="0" y="410"/>
                  </connectionPointIn>
                </variable>
                <variable formalParameter="Q0_10V4">
                  <connectionPointIn>
                    <relPosition x="0" y="430"/>
                  </connectionPointIn>
                </variable>
              </inputVariables>
              <inOutVariables/>
              <outputVariables>
                <variable formalParameter="UNIV1">
                  <connectionPointOut>
                    <relPosition x="120" y="30"/>
                  </connectionPointOut>
                </variable>
                <variable formalParameter="UNIV2">
                  <connectionPointOut>
                    <relPosition x="120" y="50"/>
                  </connectionPointOut>
                </variable>
                <variable formalParameter="UNIV3">
                  <connectionPointOut>
                    <relPosition x="120" y="70"/>
                  </connectionPointOut>
                </variable>
                <variable formalParameter="UNIV4">
                  <connectionPointOut>
                    <relPosition x="120" y="90"/>
                  </connectionPointOut>
                </variable>
                <variable formalParameter="UNIV5">
                  <connectionPointOut>
                    <relPosition x="120" y="110"/>
                  </connectionPointOut>
                </variable>
                <variable formalParameter="UNIV6">
                  <connectionPointOut>
                    <relPosition x="120" y="130"/>
                  </connectionPointOut>
                </variable>
                <variable formalParameter="UNIV7">
                  <connectionPointOut>
                    <relPosition x="120" y="150"/>
                  </connectionPointOut>
                </variable>
                <variable formalParameter="UNIV8">
                  <connectionPointOut>
                    <relPosition x="120" y="170"/>
                  </connectionPointOut>
                </variable>
                <variable formalParameter="DRY_C1">
                  <connectionPointOut>
                    <relPosition x="120" y="190"/>
                  </connectionPointOut>
                </variable>
                <variable formalParameter="DRY_C2">
                  <connectionPointOut>
                    <relPosition x="120" y="210"/>
                  </connectionPointOut>
                </variable>
                <variable formalParameter="DRY_C3">
                  <connectionPointOut>
                    <relPosition x="120" y="230"/>
                  </connectionPointOut>
                </variable>
                <variable formalParameter="DRY_C4">
                  <connectionPointOut>
                    <relPosition x="120" y="250"/>
                  </connectionPointOut>
                </variable>
                <variable formalParameter="DRY_C5">
                  <connectionPointOut>
                    <relPosition x="120" y="270"/>
                  </connectionPointOut>
                </variable>
                <variable formalParameter="DRY_C6">
                  <connectionPointOut>
                    <relPosition x="120" y="290"/>
                  </connectionPointOut>
                </variable>
                <variable formalParameter="DRY_C7">
                  <connectionPointOut>
                    <relPosition x="120" y="310"/>
                  </connectionPointOut>
                </variable>
                <variable formalParameter="DRY_C8">
                  <connectionPointOut>
                    <relPosition x="120" y="330"/>
                  </connectionPointOut>
                </variable>
                <variable formalParameter="OWB_T1">
                  <connectionPointOut>
                    <relPosition x="120" y="350"/>
                  </connectionPointOut>
                </variable>
                <variable formalParameter="OWB_T2">
                  <connectionPointOut>
                    <relPosition x="120" y="370"/>
                  </connectionPointOut>
                </variable>
                <variable formalParameter="OWB_T3">
                  <connectionPointOut>
                    <relPosition x="120" y="390"/>
                  </connectionPointOut>
                </variable>
                <variable formalParameter="OWB_T4">
                  <connectionPointOut>
                    <relPosition x="120" y="410"/>
                  </connectionPointOut>
                </variable>
              </outputVariables>
            </block>
            <outVariable localId="8" height="30" width="98" negated="false" executionOrderId="0">
              <position x="940" y="730"/>
              <connectionPointIn>
                <relPosition x="0" y="10"/>
                <connection refLocalId="49" formalParameter="ET">
                  <position x="940" y="740"/>
                  <position x="900" y="740"/>
                </connection>
              </connectionPointIn>
              <expression>Low_I_Delay</expression>
            </outVariable>
            <outVariable localId="9" height="30" width="162" negated="false" executionOrderId="0">
              <position x="950" y="850"/>
              <connectionPointIn>
                <relPosition x="0" y="10"/>
                <connection refLocalId="57" formalParameter="ET">
                  <position x="950" y="860"/>
                  <position x="850" y="860"/>
                </connection>
              </connectionPointIn>
              <expression>Dry_Well_Wait_Delay</expression>
            </outVariable>
            <inVariable localId="12" height="30" width="50" negated="false" executionOrderId="0">
              <position x="860" y="200"/>
              <connectionPointOut>
                <relPosition x="50" y="10"/>
              </connectionPointOut>
              <expression>STACK</expression>
            </inVariable>
            <coil localId="28" height="20" width="21" negated="false">
              <position x="1160" y="370"/>
              <connectionPointIn>
                <relPosition x="0" y="10"/>
                <connection refLocalId="1" formalParameter="DRY_C1">
                  <position x="1160" y="380"/>
                  <position x="1050" y="380"/>
                </connection>
              </connectionPointIn>
              <connectionPointOut>
                <relPosition x="21" y="10"/>
              </connectionPointOut>
              <variable>Well_PS</variable>
            </coil>
            <block localId="17" typeName="MUL" height="60" width="70" executionOrderId="0">
              <position x="670" y="1000"/>
              <inputVariables>
                <variable formalParameter="IN1">
                  <connectionPointIn>
                    <relPosition x="0" y="30"/>
                    <connection refLocalId="91">
                      <position x="670" y="1030"/>
                      <position x="615" y="1030"/>
                      <position x="615" y="1020"/>
                      <position x="560" y="1020"/>
                    </connection>
                  </connectionPointIn>
                </variable>
                <variable formalParameter="IN2">
                  <connectionPointIn>
                    <relPosition x="0" y="50"/>
                    <connection refLocalId="35">
                      <position x="670" y="1050"/>
                      <position x="660" y="1050"/>
                      <position x="660" y="1060"/>
                      <position x="650" y="1060"/>
                    </connection>
                  </connectionPointIn>
                </variable>
              </inputVariables>
              <inOutVariables/>
              <outputVariables>
                <variable formalParameter="OUT">
                  <connectionPointOut>
                    <relPosition x="70" y="30"/>
                  </connectionPointOut>
                </variable>
              </outputVariables>
            </block>
            <inVariable localId="35" height="30" width="80" negated="false">
              <position x="570" y="1040"/>
              <connectionPointOut>
                <relPosition x="80" y="20"/>
              </connectionPointOut>
              <expression>Multiply</expression>
            </inVariable>
            <outVariable localId="36" height="30" width="58" negated="false">
              <position x="970" y="1000"/>
              <connectionPointIn>
                <relPosition x="0" y="10"/>
                <connection refLocalId="43" formalParameter="OUT">
                  <position x="970" y="1010"/>
                  <position x="900" y="1010"/>
                  <position x="900" y="1030"/>
                  <position x="880" y="1030"/>
                </connection>
              </connectionPointIn>
              <expression>Pump_I</expression>
            </outVariable>
            <block localId="43" typeName="REAL_TO_INT" height="40" width="100">
              <position x="780" y="1000"/>
              <inputVariables>
                <variable formalParameter="IN">
                  <connectionPointIn>
                    <relPosition x="0" y="30"/>
                    <connection refLocalId="17" formalParameter="OUT">
                      <position x="780" y="1030"/>
                      <position x="740" y="1030"/>
                    </connection>
                  </connectionPointIn>
                </variable>
              </inputVariables>
              <inOutVariables/>
              <outputVariables>
                <variable formalParameter="OUT">
                  <connectionPointOut>
                    <relPosition x="100" y="30"/>
                  </connectionPointOut>
                </variable>
              </outputVariables>
            </block>
            <leftPowerRail localId="44" width="10" height="800">
              <position x="380" y="220"/>
              <connectionPointOut formalParameter="">
                <relPosition x="10" y="20"/>
              </connectionPointOut>
              <connectionPointOut formalParameter="">
                <relPosition x="10" y="60"/>
              </connectionPointOut>
              <connectionPointOut formalParameter="">
                <relPosition x="10" y="100"/>
              </connectionPointOut>
              <connectionPointOut formalParameter="">
                <relPosition x="10" y="140"/>
              </connectionPointOut>
              <connectionPointOut formalParameter="">
                <relPosition x="10" y="180"/>
              </connectionPointOut>
              <connectionPointOut formalParameter="">
                <relPosition x="10" y="220"/>
              </connectionPointOut>
              <connectionPointOut formalParameter="">
                <relPosition x="10" y="260"/>
              </connectionPointOut>
              <connectionPointOut formalParameter="">
                <relPosition x="10" y="300"/>
              </connectionPointOut>
              <connectionPointOut formalParameter="">
                <relPosition x="10" y="340"/>
              </connectionPointOut>
              <connectionPointOut formalParameter="">
                <relPosition x="10" y="380"/>
              </connectionPointOut>
              <connectionPointOut formalParameter="">
                <relPosition x="10" y="420"/>
              </connectionPointOut>
              <connectionPointOut formalParameter="">
                <relPosition x="10" y="460"/>
              </connectionPointOut>
              <connectionPointOut formalParameter="">
                <relPosition x="10" y="500"/>
              </connectionPointOut>
              <connectionPointOut formalParameter="">
                <relPosition x="10" y="540"/>
              </connectionPointOut>
              <connectionPointOut formalParameter="">
                <relPosition x="10" y="580"/>
              </connectionPointOut>
              <connectionPointOut formalParameter="">
                <relPosition x="10" y="620"/>
              </connectionPointOut>
              <connectionPointOut formalParameter="">
                <relPosition x="10" y="660"/>
              </connectionPointOut>
              <connectionPointOut formalParameter="">
                <relPosition x="10" y="700"/>
              </connectionPointOut>
              <connectionPointOut formalParameter="">
                <relPosition x="10" y="740"/>
              </connectionPointOut>
              <connectionPointOut formalParameter="">
                <relPosition x="10" y="780"/>
              </connectionPointOut>
            </leftPowerRail>
            <contact localId="45" negated="false" width="21" height="20">
              <position x="700" y="230"/>
              <connectionPointIn>
                <relPosition x="0" y="10"/>
                <connection refLocalId="61">
                  <position x="700" y="240"/>
                  <position x="630" y="240"/>
                </connection>
              </connectionPointIn>
              <connectionPointOut>
                <relPosition x="21" y="10"/>
              </connectionPointOut>
              <variable>Well_PS</variable>
            </contact>
            <contact localId="14" negated="true" width="21" height="20" executionOrderId="0">
              <position x="800" y="230"/>
              <connectionPointIn>
                <relPosition x="0" y="10"/>
                <connection refLocalId="45">
                  <position x="800" y="240"/>
                  <position x="721" y="240"/>
                </connection>
              </connectionPointIn>
              <connectionPointOut>
                <relPosition x="21" y="10"/>
              </connectionPointOut>
              <variable>Dry_Well</variable>
            </contact>
            <contact localId="15" negated="false" width="21" height="20" executionOrderId="0">
              <position x="750" y="270"/>
              <connectionPointIn>
                <relPosition x="0" y="10"/>
                <connection refLocalId="44">
                  <position x="750" y="280"/>
                  <position x="390" y="280"/>
                </connection>
              </connectionPointIn>
              <connectionPointOut>
                <relPosition x="21" y="10"/>
              </connectionPointOut>
              <variable>Dry_Well</variable>
            </contact>
            <block localId="48" typeName="LT" width="70" height="60">
              <position x="560" y="690"/>
              <inputVariables>
                <variable formalParameter="IN1">
                  <connectionPointIn>
                    <relPosition x="0" y="30"/>
                    <connection refLocalId="51">
                      <position x="560" y="720"/>
                      <position x="530" y="720"/>
                    </connection>
                  </connectionPointIn>
                </variable>
                <variable formalParameter="IN2">
                  <connectionPointIn>
                    <relPosition x="0" y="50"/>
                    <connection refLocalId="52">
                      <position x="560" y="740"/>
                      <position x="540" y="740"/>
                      <position x="540" y="760"/>
                      <position x="530" y="760"/>
                    </connection>
                  </connectionPointIn>
                </variable>
              </inputVariables>
              <inOutVariables/>
              <outputVariables>
                <variable formalParameter="OUT">
                  <connectionPointOut>
                    <relPosition x="70" y="30"/>
                  </connectionPointOut>
                </variable>
              </outputVariables>
            </block>
            <block localId="49" typeName="TON" instanceName="TON1" width="50" height="60">
              <position x="850" y="690"/>
              <inputVariables>
                <variable formalParameter="IN">
                  <connectionPointIn>
                    <relPosition x="0" y="30"/>
                    <connection refLocalId="56">
                      <position x="850" y="720"/>
                      <position x="811" y="720"/>
                    </connection>
                  </connectionPointIn>
                </variable>
                <variable formalParameter="PT">
                  <connectionPointIn>
                    <relPosition x="0" y="50"/>
                    <connection refLocalId="53">
                      <position x="850" y="740"/>
                      <position x="760" y="740"/>
                      <position x="760" y="780"/>
                      <position x="730" y="780"/>
                    </connection>
                  </connectionPointIn>
                </variable>
              </inputVariables>
              <inOutVariables/>
              <outputVariables>
                <variable formalParameter="Q">
                  <connectionPointOut>
                    <relPosition x="50" y="30"/>
                  </connectionPointOut>
                </variable>
                <variable formalParameter="ET">
                  <connectionPointOut>
                    <relPosition x="50" y="50"/>
                  </connectionPointOut>
                </variable>
              </outputVariables>
            </block>
            <inVariable localId="51" width="60" height="30" negated="false">
              <position x="470" y="710"/>
              <connectionPointOut>
                <relPosition x="60" y="20"/>
              </connectionPointOut>
              <expression>Pump_I</expression>
            </inVariable>
            <inVariable localId="52" width="90" height="30" negated="false">
              <position x="440" y="750"/>
              <connectionPointOut>
                <relPosition x="90" y="20"/>
              </connectionPointOut>
              <expression>Pump_I_MIN</expression>
            </inVariable>
            <inVariable localId="53" width="50" height="30" negated="false">
              <position x="680" y="760"/>
              <connectionPointOut>
                <relPosition x="50" y="10"/>
              </connectionPointOut>
              <expression>T#30s</expression>
            </inVariable>
            <rightPowerRail localId="54" width="10" height="800">
              <position x="1560" y="240"/>
              <connectionPointIn>
                <relPosition x="0" y="20"/>
              </connectionPointIn>
              <connectionPointIn>
                <relPosition x="0" y="60"/>
              </connectionPointIn>
              <connectionPointIn>
                <relPosition x="0" y="100"/>
              </connectionPointIn>
              <connectionPointIn>
                <relPosition x="0" y="140"/>
                <connection refLocalId="28">
                  <position x="1560" y="380"/>
                  <position x="1181" y="380"/>
                </connection>
              </connectionPointIn>
              <connectionPointIn>
                <relPosition x="0" y="180"/>
                <connection refLocalId="60">
                  <position x="1560" y="420"/>
                  <position x="1181" y="420"/>
                </connection>
              </connectionPointIn>
              <connectionPointIn>
                <relPosition x="0" y="220"/>
              </connectionPointIn>
              <connectionPointIn>
                <relPosition x="0" y="260"/>
              </connectionPointIn>
              <connectionPointIn>
                <relPosition x="0" y="300"/>
              </connectionPointIn>
              <connectionPointIn>
                <relPosition x="0" y="340"/>
              </connectionPointIn>
              <connectionPointIn>
                <relPosition x="0" y="380"/>
              </connectionPointIn>
              <connectionPointIn>
                <relPosition x="0" y="420"/>
              </connectionPointIn>
              <connectionPointIn>
                <relPosition x="0" y="460"/>
                <connection refLocalId="55">
                  <position x="1560" y="700"/>
                  <position x="981" y="700"/>
                </connection>
              </connectionPointIn>
              <connectionPointIn>
                <relPosition x="0" y="500"/>
              </connectionPointIn>
              <connectionPointIn>
                <relPosition x="0" y="540"/>
              </connectionPointIn>
              <connectionPointIn>
                <relPosition x="0" y="580"/>
                <connection refLocalId="59">
                  <position x="1560" y="820"/>
                  <position x="981" y="820"/>
                </connection>
              </connectionPointIn>
              <connectionPointIn>
                <relPosition x="0" y="620"/>
              </connectionPointIn>
              <connectionPointIn>
                <relPosition x="0" y="660"/>
              </connectionPointIn>
              <connectionPointIn>
                <relPosition x="0" y="700"/>
              </connectionPointIn>
              <connectionPointIn>
                <relPosition x="0" y="740"/>
              </connectionPointIn>
              <connectionPointIn>
                <relPosition x="0" y="780"/>
              </connectionPointIn>
            </rightPowerRail>
            <coil localId="55" negated="false" width="21" height="20">
              <position x="960" y="690"/>
              <connectionPointIn>
                <relPosition x="0" y="10"/>
                <connection refLocalId="49" formalParameter="Q">
                  <position x="960" y="700"/>
                  <position x="910" y="700"/>
                  <position x="910" y="720"/>
                  <position x="900" y="720"/>
                </connection>
              </connectionPointIn>
              <connectionPointOut>
                <relPosition x="21" y="10"/>
              </connectionPointOut>
              <variable>Dry_Well</variable>
            </coil>
            <contact localId="56" negated="false" width="21" height="20">
              <position x="790" y="710"/>
              <connectionPointIn>
                <relPosition x="0" y="10"/>
                <connection refLocalId="62">
                  <position x="790" y="720"/>
                  <position x="720" y="720"/>
                </connection>
              </connectionPointIn>
              <connectionPointOut>
                <relPosition x="21" y="10"/>
              </connectionPointOut>
              <variable>Well_PS</variable>
            </contact>
            <block localId="57" typeName="TON" instanceName="TON2" width="50" height="60">
              <position x="800" y="810"/>
              <inputVariables>
                <variable formalParameter="IN">
                  <connectionPointIn>
                    <relPosition x="0" y="30"/>
                    <connection refLocalId="58">
                      <position x="800" y="840"/>
                      <position x="731" y="840"/>
                    </connection>
                  </connectionPointIn>
                </variable>
                <variable formalParameter="PT">
                  <connectionPointIn>
                    <relPosition x="0" y="50"/>
                    <connection refLocalId="16">
                      <position x="800" y="860"/>
                      <position x="770" y="860"/>
                      <position x="770" y="880"/>
                      <position x="740" y="880"/>
                    </connection>
                  </connectionPointIn>
                </variable>
              </inputVariables>
              <inOutVariables/>
              <outputVariables>
                <variable formalParameter="Q">
                  <connectionPointOut>
                    <relPosition x="50" y="30"/>
                  </connectionPointOut>
                </variable>
                <variable formalParameter="ET">
                  <connectionPointOut>
                    <relPosition x="50" y="50"/>
                  </connectionPointOut>
                </variable>
              </outputVariables>
            </block>
            <contact localId="58" negated="false" width="21" height="20">
              <position x="710" y="830"/>
              <connectionPointIn>
                <relPosition x="0" y="10"/>
                <connection refLocalId="44">
                  <position x="710" y="840"/>
                  <position x="390" y="840"/>
                </connection>
              </connectionPointIn>
              <connectionPointOut>
                <relPosition x="21" y="10"/>
              </connectionPointOut>
              <variable>Dry_Well</variable>
            </contact>
            <inVariable localId="16" width="50" height="30" negated="false" executionOrderId="0">
              <position x="690" y="860"/>
              <connectionPointOut>
                <relPosition x="50" y="20"/>
              </connectionPointOut>
              <expression>T#30m</expression>
            </inVariable>
            <coil localId="59" negated="false" width="21" height="20">
              <position x="960" y="810"/>
              <connectionPointIn>
                <relPosition x="0" y="10"/>
                <connection refLocalId="57" formalParameter="Q">
                  <position x="960" y="820"/>
                  <position x="905" y="820"/>
                  <position x="905" y="840"/>
                  <position x="850" y="840"/>
                </connection>
              </connectionPointIn>
              <connectionPointOut>
                <relPosition x="21" y="10"/>
              </connectionPointOut>
              <variable>Dry_Well_Wait</variable>
            </coil>
            <coil localId="60" negated="false" width="21" height="20">
              <position x="1160" y="410"/>
              <connectionPointIn>
                <relPosition x="0" y="10"/>
                <connection refLocalId="1" formalParameter="DRY_C3">
                  <position x="1160" y="420"/>
                  <position x="1050" y="420"/>
                </connection>
              </connectionPointIn>
              <connectionPointOut>
                <relPosition x="21" y="10"/>
              </connectionPointOut>
              <variable>System_Run</variable>
            </coil>
            <contact localId="61" negated="false" width="21" height="20">
              <position x="610" y="230"/>
              <connectionPointIn>
                <relPosition x="0" y="10"/>
                <connection refLocalId="44">
                  <position x="610" y="240"/>
                  <position x="390" y="240"/>
                </connection>
              </connectionPointIn>
              <connectionPointOut>
                <relPosition x="21" y="10"/>
              </connectionPointOut>
              <variable>System_Run</variable>
            </contact>
            <contact localId="62" negated="true" width="21" height="20">
              <position x="700" y="710"/>
              <connectionPointIn>
                <relPosition x="0" y="10"/>
                <connection refLocalId="48" formalParameter="OUT">
                  <position x="700" y="720"/>
                  <position x="630" y="720"/>
                </connection>
              </connectionPointIn>
              <connectionPointOut>
                <relPosition x="21" y="10"/>
              </connectionPointOut>
              <variable>Dry_Well_Wait</variable>
            </contact>
            <outVariable localId="63" width="80" height="30" negated="false">
              <position x="800" y="1360"/>
              <connectionPointIn>
                <relPosition x="0" y="10"/>
                <connection refLocalId="86">
                  <position x="800" y="1370"/>
                  <position x="590" y="1370"/>
                  <position x="590" y="1330"/>
                  <position x="560" y="1330"/>
                </connection>
              </connectionPointIn>
              <expression>Pump_Run</expression>
            </outVariable>
            <outVariable localId="64" width="100" height="30" negated="false">
              <position x="620" y="1220"/>
              <connectionPointIn>
                <relPosition x="0" y="20"/>
                <connection refLocalId="84">
                  <position x="620" y="1240"/>
                  <position x="595" y="1240"/>
                  <position x="595" y="1180"/>
                  <position x="560" y="1180"/>
                </connection>
              </connectionPointIn>
              <expression>Dry_Well_IN</expression>
            </outVariable>
            <outVariable localId="65" width="120" height="30" negated="false">
              <position x="800" y="1320"/>
              <connectionPointIn>
                <relPosition x="0" y="10"/>
                <connection refLocalId="79" formalParameter="OUT">
                  <position x="800" y="1330"/>
                  <position x="750" y="1330"/>
                </connection>
              </connectionPointIn>
              <expression>Pump_Run_MQTT</expression>
            </outVariable>
            <outVariable localId="66" width="110" height="30" negated="false">
              <position x="790" y="1410"/>
              <connectionPointIn>
                <relPosition x="0" y="10"/>
                <connection refLocalId="76" formalParameter="OUT">
                  <position x="790" y="1420"/>
                  <position x="720" y="1420"/>
                </connection>
              </connectionPointIn>
              <expression>Well_PS_MQTT</expression>
            </outVariable>
            <outVariable localId="67" width="130" height="30" negated="false">
              <position x="790" y="1520"/>
              <connectionPointIn>
                <relPosition x="0" y="10"/>
                <connection refLocalId="77" formalParameter="OUT">
                  <position x="790" y="1530"/>
                  <position x="750" y="1530"/>
                </connection>
              </connectionPointIn>
              <expression>System_Run_MQTT</expression>
            </outVariable>
            <outVariable localId="68" width="140" height="30" negated="false">
              <position x="780" y="1110"/>
              <connectionPointIn>
                <relPosition x="0" y="20"/>
                <connection refLocalId="80" formalParameter="OUT">
                  <position x="780" y="1130"/>
                  <position x="760" y="1130"/>
                  <position x="760" y="1180"/>
                  <position x="750" y="1180"/>
                </connection>
              </connectionPointIn>
              <expression>Dry_Well_IN_MQTT</expression>
            </outVariable>
            <outVariable localId="69" width="100" height="30" negated="false">
              <position x="970" y="1050"/>
              <connectionPointIn>
                <relPosition x="0" y="20"/>
                <connection refLocalId="43" formalParameter="OUT">
                  <position x="970" y="1070"/>
                  <position x="900" y="1070"/>
                  <position x="900" y="1030"/>
                  <position x="880" y="1030"/>
                </connection>
              </connectionPointIn>
              <expression>Pump_I_MQTT</expression>
            </outVariable>
            <block localId="70" typeName="TIME_TO_INT" width="130" height="40">
              <position x="640" y="1640"/>
              <inputVariables>
                <variable formalParameter="IN">
                  <connectionPointIn>
                    <relPosition x="0" y="30"/>
                    <connection refLocalId="96">
                      <position x="640" y="1670"/>
                      <position x="600" y="1670"/>
                      <position x="600" y="1660"/>
                      <position x="560" y="1660"/>
                    </connection>
                  </connectionPointIn>
                </variable>
              </inputVariables>
              <inOutVariables/>
              <outputVariables>
                <variable formalParameter="OUT">
                  <connectionPointOut>
                    <relPosition x="130" y="30"/>
                  </connectionPointOut>
                </variable>
              </outputVariables>
            </block>
            <outVariable localId="71" width="210" height="30" negated="false">
              <position x="1010" y="1640"/>
              <connectionPointIn>
                <relPosition x="0" y="20"/>
                <connection refLocalId="72" formalParameter="OUT">
                  <position x="1010" y="1660"/>
                  <position x="990" y="1660"/>
                  <position x="990" y="1650"/>
                  <position x="970" y="1650"/>
                </connection>
              </connectionPointIn>
              <expression>Dry_Well_Wait_Delay_MQTT</expression>
            </outVariable>
            <block localId="72" typeName="SUB" width="70" height="60">
              <position x="900" y="1620"/>
              <inputVariables>
                <variable formalParameter="IN1">
                  <connectionPointIn>
                    <relPosition x="0" y="30"/>
                    <connection refLocalId="75">
                      <position x="900" y="1650"/>
                      <position x="880" y="1650"/>
                      <position x="880" y="1600"/>
                      <position x="860" y="1600"/>
                    </connection>
                  </connectionPointIn>
                </variable>
                <variable formalParameter="IN2">
                  <connectionPointIn>
                    <relPosition x="0" y="50"/>
                    <connection refLocalId="73" formalParameter="OUT">
                      <position x="900" y="1670"/>
                      <position x="870" y="1670"/>
                    </connection>
                  </connectionPointIn>
                </variable>
              </inputVariables>
              <inOutVariables/>
              <outputVariables>
                <variable formalParameter="OUT">
                  <connectionPointOut>
                    <relPosition x="70" y="30"/>
                  </connectionPointOut>
                </variable>
              </outputVariables>
            </block>
            <block localId="73" typeName="DIV" width="70" height="60">
              <position x="800" y="1640"/>
              <inputVariables>
                <variable formalParameter="IN1">
                  <connectionPointIn>
                    <relPosition x="0" y="30"/>
                    <connection refLocalId="70" formalParameter="OUT">
                      <position x="800" y="1670"/>
                      <position x="770" y="1670"/>
                    </connection>
                  </connectionPointIn>
                </variable>
                <variable formalParameter="IN2">
                  <connectionPointIn>
                    <relPosition x="0" y="50"/>
                    <connection refLocalId="74">
                      <position x="800" y="1690"/>
                      <position x="750" y="1690"/>
                      <position x="750" y="1700"/>
                      <position x="730" y="1700"/>
                    </connection>
                  </connectionPointIn>
                </variable>
              </inputVariables>
              <inOutVariables/>
              <outputVariables>
                <variable formalParameter="OUT">
                  <connectionPointOut>
                    <relPosition x="70" y="30"/>
                  </connectionPointOut>
                </variable>
              </outputVariables>
            </block>
            <inVariable localId="74" width="30" height="30" negated="false">
              <position x="700" y="1690"/>
              <connectionPointOut>
                <relPosition x="30" y="10"/>
              </connectionPointOut>
              <expression>60</expression>
            </inVariable>
            <inVariable localId="75" width="30" height="30" negated="false">
              <position x="830" y="1590"/>
              <connectionPointOut>
                <relPosition x="30" y="10"/>
              </connectionPointOut>
              <expression>30</expression>
            </inVariable>
            <block localId="76" typeName="BOOL_TO_INT" width="130" height="40">
              <position x="590" y="1390"/>
              <inputVariables>
                <variable formalParameter="IN">
                  <connectionPointIn>
                    <relPosition x="0" y="30"/>
                    <connection refLocalId="87">
                      <position x="590" y="1420"/>
                      <position x="560" y="1420"/>
                    </connection>
                  </connectionPointIn>
                </variable>
              </inputVariables>
              <inOutVariables/>
              <outputVariables>
                <variable formalParameter="OUT">
                  <connectionPointOut>
                    <relPosition x="130" y="30"/>
                  </connectionPointOut>
                </variable>
              </outputVariables>
            </block>
            <block localId="77" typeName="BOOL_TO_INT" width="130" height="40">
              <position x="620" y="1500"/>
              <inputVariables>
                <variable formalParameter="IN">
                  <connectionPointIn>
                    <relPosition x="0" y="30"/>
                    <connection refLocalId="89">
                      <position x="620" y="1530"/>
                      <position x="570" y="1530"/>
                    </connection>
                  </connectionPointIn>
                </variable>
              </inputVariables>
              <inOutVariables/>
              <outputVariables>
                <variable formalParameter="OUT">
                  <connectionPointOut>
                    <relPosition x="130" y="30"/>
                  </connectionPointOut>
                </variable>
              </outputVariables>
            </block>
            <block localId="79" typeName="BOOL_TO_INT" width="130" height="40">
              <position x="620" y="1300"/>
              <inputVariables>
                <variable formalParameter="IN">
                  <connectionPointIn>
                    <relPosition x="0" y="30"/>
                    <connection refLocalId="86">
                      <position x="620" y="1330"/>
                      <position x="560" y="1330"/>
                    </connection>
                  </connectionPointIn>
                </variable>
              </inputVariables>
              <inOutVariables/>
              <outputVariables>
                <variable formalParameter="OUT">
                  <connectionPointOut>
                    <relPosition x="130" y="30"/>
                  </connectionPointOut>
                </variable>
              </outputVariables>
            </block>
            <block localId="80" typeName="BOOL_TO_INT" width="130" height="40">
              <position x="620" y="1150"/>
              <inputVariables>
                <variable formalParameter="IN">
                  <connectionPointIn>
                    <relPosition x="0" y="30"/>
                    <connection refLocalId="84">
                      <position x="620" y="1180"/>
                      <position x="560" y="1180"/>
                    </connection>
                  </connectionPointIn>
                </variable>
              </inputVariables>
              <inOutVariables/>
              <outputVariables>
                <variable formalParameter="OUT">
                  <connectionPointOut>
                    <relPosition x="130" y="30"/>
                  </connectionPointOut>
                </variable>
              </outputVariables>
            </block>
            <connector name="A" localId="83" width="50" height="30">
              <position x="820" y="290"/>
              <connectionPointIn>
                <relPosition x="0" y="20"/>
                <connection refLocalId="15">
                  <position x="820" y="310"/>
                  <position x="795" y="310"/>
                  <position x="795" y="280"/>
                  <position x="771" y="280"/>
                </connection>
              </connectionPointIn>
            </connector>
            <continuation name="A" localId="84" width="50" height="30">
              <position x="510" y="1160"/>
              <connectionPointOut>
                <relPosition x="50" y="20"/>
              </connectionPointOut>
            </continuation>
            <connector name="B" localId="85" width="50" height="30">
              <position x="860" y="160"/>
              <connectionPointIn>
                <relPosition x="0" y="20"/>
                <connection refLocalId="14">
                  <position x="860" y="180"/>
                  <position x="840" y="180"/>
                  <position x="840" y="240"/>
                  <position x="821" y="240"/>
                </connection>
              </connectionPointIn>
            </connector>
            <continuation name="B" localId="86" width="50" height="30">
              <position x="510" y="1310"/>
              <connectionPointOut>
                <relPosition x="50" y="20"/>
              </connectionPointOut>
            </continuation>
            <continuation name="C" localId="87" width="50" height="30">
              <position x="510" y="1400"/>
              <connectionPointOut>
                <relPosition x="50" y="20"/>
              </connectionPointOut>
            </continuation>
            <connector name="C" localId="88" width="50" height="30">
              <position x="1200" y="330"/>
              <connectionPointIn>
                <relPosition x="0" y="20"/>
                <connection refLocalId="1" formalParameter="DRY_C1">
                  <position x="1200" y="350"/>
                  <position x="1130" y="350"/>
                  <position x="1130" y="380"/>
                  <position x="1050" y="380"/>
                </connection>
              </connectionPointIn>
            </connector>
            <continuation name="D1" localId="89" width="60" height="30">
              <position x="510" y="1510"/>
              <connectionPointOut>
                <relPosition x="60" y="20"/>
              </connectionPointOut>
            </continuation>
            <connector name="D1" localId="90" width="60" height="30">
              <position x="1200" y="430"/>
              <connectionPointIn>
                <relPosition x="0" y="20"/>
                <connection refLocalId="1" formalParameter="DRY_C3">
                  <position x="1200" y="450"/>
                  <position x="1130" y="450"/>
                  <position x="1130" y="420"/>
                  <position x="1050" y="420"/>
                </connection>
              </connectionPointIn>
            </connector>
            <continuation name="E1" localId="91" width="60" height="30">
              <position x="500" y="1010"/>
              <connectionPointOut>
                <relPosition x="60" y="20"/>
              </connectionPointOut>
            </continuation>
            <connector name="E1" localId="92" width="60" height="30">
              <position x="1140" y="220"/>
              <connectionPointIn>
                <relPosition x="0" y="20"/>
                <connection refLocalId="1" formalParameter="UNIV2">
                  <position x="1140" y="240"/>
                  <position x="1050" y="240"/>
                </connection>
              </connectionPointIn>
            </connector>
            <connector name="G1" localId="95" width="60" height="30">
              <position x="960" y="900"/>
              <connectionPointIn>
                <relPosition x="0" y="20"/>
                <connection refLocalId="57" formalParameter="ET">
                  <position x="960" y="920"/>
                  <position x="905" y="920"/>
                  <position x="905" y="860"/>
                  <position x="850" y="860"/>
                </connection>
              </connectionPointIn>
            </connector>
            <continuation name="G1" localId="96" width="60" height="30">
              <position x="500" y="1650"/>
              <connectionPointOut>
                <relPosition x="60" y="10"/>
              </connectionPointOut>
            </continuation>
            <comment localId="97" height="140" width="1150">
              <position x="370" y="10"/>
              <content>
                <xhtml:p><![CDATA[Water Well Controller with dry well protection
Using Sequent Microsystems Building Automation card and Raspberry pi 5
If well running current is below 80% of full load amps of 8.2amps it will stop the pump and wait the set time. 
Input CT is 10VDC = 20A 
Freeze protection monitoring and controls will be added in future]]></xhtml:p>
              </content>
            </comment>
            <block localId="98" typeName="CTU" instanceName="CTU0" width="50" height="80">
              <position x="1070" y="1180"/>
              <inputVariables>
                <variable formalParameter="CU" edge="rising">
                  <connectionPointIn>
                    <relPosition x="0" y="30"/>
                    <connection refLocalId="99" formalParameter="Q">
                      <position x="1070" y="1210"/>
                      <position x="960" y="1210"/>
                    </connection>
                  </connectionPointIn>
                </variable>
                <variable formalParameter="R">
                  <connectionPointIn>
                    <relPosition x="0" y="50"/>
                  </connectionPointIn>
                </variable>
                <variable formalParameter="PV">
                  <connectionPointIn>
                    <relPosition x="0" y="70"/>
                    <connection refLocalId="101">
                      <position x="1070" y="1250"/>
                      <position x="970" y="1250"/>
                    </connection>
                  </connectionPointIn>
                </variable>
              </inputVariables>
              <inOutVariables/>
              <outputVariables>
                <variable formalParameter="Q">
                  <connectionPointOut>
                    <relPosition x="50" y="30"/>
                  </connectionPointOut>
                </variable>
                <variable formalParameter="CV">
                  <connectionPointOut>
                    <relPosition x="50" y="50"/>
                  </connectionPointOut>
                </variable>
              </outputVariables>
            </block>
            <block localId="99" typeName="R_TRIG" instanceName="R_TRIG0" width="60" height="40">
              <position x="900" y="1180"/>
              <inputVariables>
                <variable formalParameter="CLK">
                  <connectionPointIn>
                    <relPosition x="0" y="30"/>
                    <connection refLocalId="84">
                      <position x="900" y="1210"/>
                      <position x="600" y="1210"/>
                      <position x="600" y="1180"/>
                      <position x="560" y="1180"/>
                    </connection>
                  </connectionPointIn>
                </variable>
              </inputVariables>
              <inOutVariables/>
              <outputVariables>
                <variable formalParameter="Q">
                  <connectionPointOut>
                    <relPosition x="60" y="30"/>
                  </connectionPointOut>
                </variable>
              </outputVariables>
            </block>
            <outVariable localId="100" width="210" height="30" negated="false">
              <position x="1180" y="1210"/>
              <connectionPointIn>
                <relPosition x="0" y="20"/>
                <connection refLocalId="98" formalParameter="CV">
                  <position x="1180" y="1230"/>
                  <position x="1120" y="1230"/>
                </connection>
              </connectionPointIn>
              <expression>Dry_Well_Wait_count_MQTT</expression>
            </outVariable>
            <inVariable localId="101" width="170" height="30" negated="false">
              <position x="800" y="1230"/>
              <connectionPointOut>
                <relPosition x="170" y="20"/>
              </connectionPointOut>
              <expression>Dry_Well_Count</expression>
            </inVariable>
          </LD>
        </body>
      </pou>
    </pous>
  </types>
  <instances>
    <configurations>
      <configuration name="Config0">
        <resource name="Res0">
          <task name="task0" priority="0" interval="T#20ms">
            <pouInstance name="instance0" typeName="Well_Control"/>
          </task>
        </resource>
      </configuration>
    </configurations>
  </instances>
</project>
